Url,Title,Status Code
https://caseblocks.com/resources,Resources | Caseblocks,200
https://caseblocks.com/get-in-touch/,Get in Touch | Caseblocks,200
https://caseblocks.com/resources/,Resources | Caseblocks,200
https://caseblocks.com/resources/meet-the-new-caseblocks/,Meet the new Caseblocks | Caseblocks,200
https://caseblocks.com/resources/google-duplex-ai-software-builders/,Google Duplex Raised The Bar For Software Developers | Caseblocks,200
https://caseblocks.com/resources/emergeadapt-is-now-caseblocks/,EmergeAdapt is now Caseblocks | Caseblocks,200
https://caseblocks.com/platform/,Case Management Platform | Caseblocks,200
https://caseblocks.com/privacy-policy/,Privacy Policy | Caseblocks,200
https://caseblocks.com/faqs/,FAQs | Caseblocks,200
https://caseblocks.com#content,Caseblocks - Case Management System,200
https://caseblocks.com/get-in-touch,Get in Touch | Caseblocks,200
https://caseblocks.com/resources/adaptive-case-management-knowledge-workers/,Adaptive Case Management for Knowledge Workers | Caseblocks,200
https://caseblocks.com/terms-and-conditions/,Terms and Conditions | Caseblocks,200
https://caseblocks.com/get-in-touch/#content,Get in Touch | Caseblocks,200
https://caseblocks.com/solutions/,Case Management Solutions | Caseblocks,200
https://caseblocks.com/partners/,Partners | Caseblocks,200
https://caseblocks.com/cdn-cgi/l/email-protection#167e737a7a795675776573747a79757d65,Email Protection | Cloudflare,200
https://caseblocks.com/resources/adaptive-case-management-processes/,Adaptive Case Management for Complex Processes | Caseblocks,200
https://caseblocks.com/solutions/claims-management/,Claims Management Software | Caseblocks,200
https://caseblocks.com/about/,About Caseblocks | Caseblocks,200
https://caseblocks.com/resources/adaptive-case-management/,Adaptive Case Management - Making the Switch | Caseblocks,200
https://caseblocks.com/resources/adaptive-case-management-explained/,Adaptive Case Management Explained | Caseblocks,200
https://caseblocks.com,Caseblocks - Case Management System,200
https://caseblocks.com/partners/become-a-partner/,Become a Partner with Caseblocks | Caseblocks,200
https://caseblocks.com/solutions/order-management/,Order Management System | Caseblocks,200
https://caseblocks.com/platform,Case Management Platform | Caseblocks,200
https://caseblocks.com/careers/,Careers | Caseblocks,200
https://caseblocks.com/resources/adaptive-case-management-knowledge-workers/#content,Adaptive Case Management for Knowledge Workers | Caseblocks,200
https://caseblocks.com/privacy-policy/,Privacy Policy | Caseblocks,200
https://caseblocks.com/case-studies/,Case Studies | Caseblocks,200
https://caseblocks.com/book-a-demo/,Book a Demo | Caseblocks,200
https://caseblocks.com/cdn-cgi/l/email-protection#f9919c959596b99a988a9c9b95969a928a,Email Protection | Cloudflare,200
https://caseblocks.com/resources/microservices-caseblocks/,MicroServices for Agile Businesses by Caseblocks | Caseblocks,200
https://caseblocks.com/cookie-policy/,Cookie Policy | Caseblocks,200
